,id,web_name,team,team_name,position,total_points,goals_scored,assists,bonus,clean_sheets,minutes
0,1,Fábio Vieira,1,ARS,MID,0,0,0,0,0,0
1,7,Jorginho,1,ARS,MID,20,0,0,0,2,701
2,9,Martinelli,1,ARS,MID,125,8,4,6,10,2284
3,12,Nwaneri,1,ARS,MID,66,4,2,4,4,882
4,13,Ødegaard,1,ARS,MID,116,3,9,11,11,2321
5,16,Rice,1,ARS,MID,127,4,7,17,11,2823
6,17,Saka,1,ARS,MID,127,6,11,18,7,1724
7,20,Thomas,1,ARS,MID,108,4,3,8,9,2793
8,23,Trossard,1,ARS,MID,152,8,8,18,11,2546
9,186,Sterling,1,ARS,MID,26,0,2,0,1,490
10,595,Lewis-Skelly,1,ARS,MID,37,1,0,0,5,1362
11,633,Merino,1,ARS,MID,92,7,2,8,4,1575
12,638,Oulad M'hand,1,ARS,MID,0,0,0,0,0,0
13,659,Kabia,1,ARS,MID,0,0,0,0,0,0
14,770,Gower,1,ARS,MID,0,0,0,0,0,0
15,773,Jack Henry-Francis,1,ARS,MID,0,0,0,0,0,0
16,2,G.Jesus,1,ARS,FWD,42,3,2,6,2,600
17,4,Havertz,1,ARS,FWD,97,9,3,14,7,1872
18,665,Butler-Oyedeji,1,ARS,FWD,1,0,0,0,0,6
19,3,Gabriel,1,ARS,DEF,117,3,2,9,10,2363
20,6,J.Timber,1,ARS,DEF,114,1,3,9,11,2415
21,8,Kiwior,1,ARS,DEF,43,1,0,2,3,1117
22,18,Saliba,1,ARS,DEF,130,2,0,14,12,3039
23,21,Tierney,1,ARS,DEF,27,1,0,2,1,250
24,22,Tomiyasu,1,ARS,DEF,1,0,0,0,0,6
25,24,White,1,ARS,DEF,50,0,2,0,5,1195
26,25,Zinchenko,1,ARS,DEF,40,0,1,2,4,518
27,578,Calafiori,1,ARS,DEF,39,2,1,1,1,978
28,657,Kacurri,1,ARS,DEF,0,0,0,0,0,0
29,662,Nichols,1,ARS,DEF,0,0,0,0,0,0
30,781,Clarke,1,ARS,DEF,0,0,0,0,0,0
31,5,Hein,1,ARS,GKP,0,0,0,0,0,0
32,15,Raya,1,ARS,GKP,142,0,0,10,13,3420
33,73,Neto,1,ARS,GKP,7,0,0,0,0,180
34,639,Setford,1,ARS,GKP,0,0,0,0,0,0
35,736,Porter,1,ARS,GKP,0,0,0,0,0,0
36,10,Nelson,9,FUL,MID,27,1,1,2,1,483
37,19,Smith Rowe,9,FUL,MID,114,6,3,15,7,2036
38,239,Adama,9,FUL,MID,95,2,8,8,3,1756
39,240,Andreas,9,FUL,MID,81,2,6,2,5,2004
40,243,Cairney,9,FUL,MID,33,2,0,0,1,610
41,246,Harris,9,FUL,MID,0,0,0,0,0,0
42,247,Iwobi,9,FUL,MID,156,9,6,16,6,2981
43,249,Lukić,9,FUL,MID,56,0,2,1,4,2348
44,254,Reed,9,FUL,MID,10,0,0,0,0,100
45,259,Wilson,9,FUL,MID,78,6,2,6,2,1148
46,603,King,9,FUL,MID,10,0,0,0,1,126
47,604,Godo,9,FUL,MID,2,0,0,0,0,21
48,622,Berge,9,FUL,MID,53,0,0,2,4,2221
49,752,Willian,9,FUL,MID,13,0,0,0,1,251
50,251,Muniz,9,FUL,FWD,86,8,1,14,2,943
51,252,Raúl,9,FUL,FWD,147,12,3,26,7,2486
52,256,Stansfield,9,FUL,FWD,1,0,0,0,0,1
53,258,Vinicius,9,FUL,FWD,3,0,0,0,0,13
54,191,Andersen,9,FUL,DEF,51,0,0,3,4,2673
55,241,Bassey,9,FUL,DEF,75,1,0,0,5,3074
56,244,Castagne,9,FUL,DEF,46,0,1,0,3,1642
57,245,Diop,9,FUL,DEF,31,0,0,0,1,1334
58,250,Mbabu,9,FUL,DEF,0,0,0,0,0,0
59,253,Ream,9,FUL,DEF,0,0,0,0,0,0
60,255,Robinson,9,FUL,DEF,106,0,10,8,5,3166
61,257,Tete,9,FUL,DEF,49,0,2,0,3,1773
62,579,Sessegnon,9,FUL,DEF,57,4,2,5,1,574
63,586,J.Cuenca,9,FUL,DEF,9,0,0,0,0,349
64,688,Amissah,9,FUL,DEF,0,0,0,0,0,0
65,242,Benda,9,FUL,GKP,0,0,0,0,0,0
66,248,Leno,9,FUL,GKP,115,0,2,5,5,3420
67,28,Bailey,2,AVL,MID,47,1,2,2,2,1132
68,29,Barkley,2,AVL,MID,44,3,1,5,1,567
69,30,Barrenechea,2,AVL,MID,0,0,0,0,0,0
70,31,Buendia,2,AVL,MID,11,0,0,0,0,89
71,33,Dendoncker,2,AVL,MID,0,0,0,0,0,0
72,34,Diaby,2,AVL,MID,0,0,0,0,0,0
73,37,Dobbin,2,AVL,MID,0,0,0,0,0,0
74,41,Iling Jr,2,AVL,MID,0,0,0,0,0,0
75,42,Kamara,2,AVL,MID,57,1,0,3,6,1720
76,48,McGinn,2,AVL,MID,78,1,4,1,8,2217
77,53,Ramsey,2,AVL,MID,66,1,4,3,5,1616
78,54,Rogers,2,AVL,MID,161,8,11,15,10,3115
79,57,Tielemans,2,AVL,MID,121,3,7,15,7,3025
80,233,Onana,2,AVL,MID,65,3,0,5,6,1613
81,385,Rashford,2,AVL,MID,95,6,4,9,7,1414
82,656,Young,2,AVL,MID,0,0,0,0,0,0
83,679,Broggio,2,AVL,MID,0,0,0,0,0,0
84,710,Jimoh,2,AVL,MID,0,0,0,0,0,0
85,725,Malen,2,AVL,MID,34,3,0,3,0,296
86,742,M.Asensio,2,AVL,MID,44,3,2,6,3,740
87,38,Duran,2,AVL,FWD,53,7,0,9,2,622
88,58,Watkins,2,AVL,FWD,186,16,8,32,10,2593
89,32,Cash,2,AVL,DEF,76,1,1,2,7,2069
90,35,Diego Carlos,2,AVL,DEF,21,0,0,1,2,828
91,36,Digne,2,AVL,DEF,89,0,5,7,6,2348
92,40,Hause,2,AVL,DEF,0,0,0,0,0,0
93,43,Kesler-Hayden,2,AVL,DEF,0,0,0,0,0,0
94,44,Konsa,2,AVL,DEF,103,2,0,10,8,2936
95,45,Maatsen,2,AVL,DEF,57,1,2,0,3,1125
96,49,Mings,2,AVL,DEF,47,0,1,5,4,1119
97,50,Nedeljkovic,2,AVL,DEF,5,0,0,0,0,121
98,52,Pau,2,AVL,DEF,55,0,0,3,5,2019
99,56,Sousa,2,AVL,DEF,0,0,0,0,0,0
100,167,Disasi,2,AVL,DEF,33,1,0,0,3,851
101,596,Bogarde,2,AVL,DEF,6,0,0,0,0,473
102,640,Swinkels,2,AVL,DEF,0,0,0,0,0,0
103,731,A. Garcia,2,AVL,DEF,8,0,0,0,0,316
104,39,Gauci,2,AVL,GKP,0,0,0,0,0,0
105,46,Marschall,2,AVL,GKP,0,0,0,0,0,0
106,47,Martinez,2,AVL,GKP,111,0,0,6,8,3195
107,51,Olsen,2,AVL,GKP,9,0,0,0,1,225
108,55,Sinisalo,2,AVL,GKP,0,0,0,0,0,0
109,641,Zych,2,AVL,GKP,0,0,0,0,0,0
110,60,Adams,3,BOU,MID,58,0,3,1,6,1959
111,61,Anthony,3,BOU,MID,0,0,0,0,0,0
112,62,Brooks,3,BOU,MID,52,2,1,2,3,941
113,63,Christie,3,BOU,MID,76,2,3,5,8,2114
114,64,Cook,3,BOU,MID,82,1,4,3,5,2976
115,66,Faivre,3,BOU,MID,0,0,0,0,0,0
116,67,H.Traorè,3,BOU,MID,0,0,0,0,0,0
117,71,Kluivert,3,BOU,MID,158,12,6,14,13,2339
118,74,O.Dango,3,BOU,MID,111,7,4,7,7,1998
119,76,Philip,3,BOU,MID,10,0,0,0,0,176
120,77,Scott,3,BOU,MID,26,0,0,0,3,745
121,78,Semenyo,3,BOU,MID,165,11,7,14,11,3202
122,80,Sinisterra,3,BOU,MID,23,1,1,2,0,229
123,83,Tavernier,3,BOU,MID,87,3,7,4,4,1932
124,686,Winterburn,3,BOU,MID,4,0,0,0,0,22
125,723,Sadi,3,BOU,MID,0,0,0,0,0,0
126,728,Silcott-Duberry,3,BOU,MID,1,0,0,0,0,1
127,65,Enes Ünal,3,BOU,FWD,32,2,1,4,2,330
128,69,Jebbison,3,BOU,FWD,20,1,0,1,0,105
129,617,Evanilson,3,BOU,FWD,128,10,5,20,11,2317
130,706,Rees-Dottin,3,BOU,FWD,1,0,0,0,0,1
131,722,Adu-Adjei,3,BOU,FWD,0,0,0,0,0,0
132,59,Aarons,3,BOU,DEF,8,0,0,0,1,84
133,68,Hill,3,BOU,DEF,17,0,1,0,1,443
134,70,Kerkez,3,BOU,DEF,134,2,6,10,9,3336
135,72,Mepham,3,BOU,DEF,0,0,0,0,0,0
136,79,Senesi,3,BOU,DEF,31,0,0,3,2,1103
137,81,Smith,3,BOU,DEF,57,0,0,0,6,1586
138,85,Zabarnyi,3,BOU,DEF,94,0,1,8,8,3109
139,580,Huijsen,3,BOU,DEF,104,3,2,14,7,2422
140,592,J.Araujo,3,BOU,DEF,12,0,0,0,0,492
141,680,Kinsey,3,BOU,DEF,0,0,0,0,0,0
142,702,Harris,3,BOU,DEF,0,0,0,0,0,0
143,712,Akinmboni,3,BOU,DEF,0,0,0,0,0,0
144,713,Soler,3,BOU,DEF,3,0,0,0,0,9
145,75,Paulsen,3,BOU,GKP,0,0,0,0,0,0
146,84,Travers,3,BOU,GKP,19,0,0,1,1,450
147,152,Arrizabalaga,3,BOU,GKP,106,0,0,7,8,2790
148,597,Dennis,3,BOU,GKP,0,0,0,0,0,0
149,727,McKenna,3,BOU,GKP,0,0,0,0,0,0
150,87,Brierley,4,BRE,MID,0,0,0,0,0,0
151,89,Damsgaard,4,BRE,MID,131,2,10,10,11,2911
152,90,Dasilva,4,BRE,MID,0,0,0,0,0,0
153,94,Janelt,4,BRE,MID,73,1,3,2,6,2251
154,95,Jensen,4,BRE,MID,38,0,2,1,2,846
155,97,Konak,4,BRE,MID,10,0,0,0,0,53
156,98,Lewis-Potter,4,BRE,MID,94,1,5,0,8,3092
157,99,Mbeumo,4,BRE,MID,236,20,9,29,9,3415
158,101,Nørgaard,4,BRE,MID,107,5,5,7,6,2820
159,102,Onyeka,4,BRE,MID,2,0,0,0,0,23
160,103,Peart-Harris,4,BRE,MID,0,0,0,0,0,0
161,106,Schade,4,BRE,MID,149,11,4,12,10,2281
162,111,Yarmoliuk,4,BRE,MID,43,0,0,0,3,1435
163,314,Carvalho,4,BRE,MID,35,2,1,1,0,443
164,598,Trevitt,4,BRE,MID,1,0,0,0,0,3
165,634,G.Nunes,4,BRE,MID,3,0,0,0,0,11
166,660,Yogane,4,BRE,MID,0,0,0,0,0,0
167,674,Maghoma,4,BRE,MID,8,0,0,0,0,112
168,107,Thiago,4,BRE,FWD,9,0,0,0,0,167
169,108,Toney,4,BRE,FWD,0,0,0,0,0,0
170,110,Wissa,4,BRE,FWD,185,18,6,32,9,2921
171,760,Morgan,4,BRE,FWD,0,0,0,0,0,0
172,86,Ajer,4,BRE,DEF,39,0,0,0,3,1433
173,88,Collins,4,BRE,DEF,127,2,7,11,8,3420
174,92,Henry,4,BRE,DEF,4,0,0,0,0,94
175,93,Hickey,4,BRE,DEF,0,0,0,0,0,0
176,96,Ji-soo,4,BRE,DEF,3,0,0,0,0,28
177,100,Mee,4,BRE,DEF,9,0,0,0,1,180
178,104,Pinnock,4,BRE,DEF,47,2,0,0,2,1912
179,105,Roerslev,4,BRE,DEF,36,0,2,0,2,1100
180,112,Zanka,4,BRE,DEF,0,0,0,0,0,0
181,338,Van den Berg,4,BRE,DEF,62,0,1,1,5,2584
182,649,Meghoma,4,BRE,DEF,1,0,0,0,0,4
183,705,Arthur,4,BRE,DEF,0,0,0,0,0,0
184,737,Kayode,4,BRE,DEF,27,0,1,0,2,523
185,766,Benjamin Fredrick,4,BRE,DEF,0,0,0,0,0,0
186,91,Flekken,4,BRE,GKP,138,0,2,12,7,3275
187,109,Valdimarsson,4,BRE,GKP,2,0,0,0,0,144
188,739,Eyestone,4,BRE,GKP,0,0,0,0,0,0
189,113,Adingra,5,BHA,MID,60,2,3,0,2,1081
190,114,Baker-Boaitey,5,BHA,MID,0,0,0,0,0,0
191,115,Baleba,5,BHA,MID,87,3,1,7,8,2660
192,118,Cozier-Duberry,5,BHA,MID,0,0,0,0,0,0
193,119,Dahoud,5,BHA,MID,0,0,0,0,0,0
194,124,Gilmour,5,BHA,MID,3,0,0,0,0,97
195,125,Gross,5,BHA,MID,0,0,0,0,0,0
196,126,Hinshelwood,5,BHA,MID,89,5,3,8,6,1839
197,127,I.Osman,5,BHA,MID,0,0,0,0,0,0
198,130,Kozlowski,5,BHA,MID,0,0,0,0,0,0
199,132,March,5,BHA,MID,7,0,0,0,0,161
200,133,Mazilu,5,BHA,MID,0,0,0,0,0,0
201,134,Milner,5,BHA,MID,6,0,0,0,1,170
202,135,Minteh,5,BHA,MID,102,6,5,8,4,1831
203,136,Mitoma,5,BHA,MID,145,10,5,12,6,2597
204,137,Moder,5,BHA,MID,4,0,0,0,0,9
205,140,Peupion,5,BHA,MID,0,0,0,0,0,0
206,141,Sarmiento,5,BHA,MID,1,0,0,0,0,8
207,149,Wieffer,5,BHA,MID,52,1,5,4,2,1003
208,599,Gruda,5,BHA,MID,45,1,4,1,1,676
209,600,Ayari,5,BHA,MID,74,2,1,3,7,1958
210,601,Moran,5,BHA,MID,0,0,0,0,0,0
211,618,Georginio,5,BHA,MID,95,5,6,1,6,1651
212,629,O'Riley,5,BHA,MID,50,2,3,2,2,929
213,714,Gómez,5,BHA,MID,30,1,1,2,0,507
214,738,Knight,5,BHA,MID,0,0,0,0,0,0
215,775,Harry Howell,5,BHA,MID,1,0,0,0,0,6
216,129,João Pedro,5,BHA,FWD,126,10,6,26,6,1946
217,138,O’Mahony,5,BHA,FWD,0,0,0,0,0,0
218,143,Undav,5,BHA,FWD,0,0,0,0,0,0
219,148,Welbeck,5,BHA,FWD,125,10,5,21,7,2109
220,116,Barco,5,BHA,DEF,0,0,0,0,0,0
221,120,Dunk,5,BHA,DEF,44,0,1,0,4,2081
222,122,Estupiñan,5,BHA,DEF,63,1,1,7,3,2399
223,128,Igor,5,BHA,DEF,18,0,0,0,1,959
224,131,Lamptey,5,BHA,DEF,42,2,2,1,2,856
225,139,Offiah,5,BHA,DEF,0,0,0,0,0,0
226,144,Van Hecke,5,BHA,DEF,87,1,1,7,7,2960
227,145,Veltman,5,BHA,DEF,59,0,0,7,6,1694
228,147,Webster,5,BHA,DEF,39,0,1,2,4,885
229,628,F.Kadıoğlu,5,BHA,DEF,19,1,0,0,2,385
230,663,Samuels,5,BHA,DEF,0,0,0,0,0,0
231,681,McConville,5,BHA,DEF,0,0,0,0,0,0
232,685,Slater,5,BHA,DEF,0,0,0,0,0,0
233,743,Cashin,5,BHA,DEF,1,0,0,0,0,19
234,771,Charlie Tasker,5,BHA,DEF,0,0,0,0,0,0
235,774,Freddie Simmonds,5,BHA,DEF,0,0,0,0,0,0
236,142,Steele,5,BHA,GKP,9,0,0,1,1,180
237,146,Verbruggen,5,BHA,GKP,103,0,1,6,7,3240
238,614,Rushworth,5,BHA,GKP,0,0,0,0,0,0
239,668,Cahill,5,BHA,GKP,0,0,0,0,0,0
240,117,Buonanotte,11,LEI,MID,75,5,2,6,2,1508
241,192,J.Ayew,11,LEI,MID,75,5,0,3,4,1649
242,285,B.Soumaré,11,LEI,MID,48,0,0,0,1,2165
243,287,Choudhury,11,LEI,MID,4,0,0,0,0,129
244,290,De Cordova-Reid,11,LEI,MID,48,1,4,2,1,734
245,292,Golding,11,LEI,MID,1,0,0,0,0,1
246,297,Marcal,11,LEI,MID,0,0,0,0,0,0
247,298,Mavididi,11,LEI,MID,72,4,1,5,1,1606
248,299,McAteer,11,LEI,MID,35,1,1,0,3,846
249,300,Ndidi,11,LEI,MID,64,0,5,1,3,2325
250,309,Winks,11,LEI,MID,40,0,2,0,0,1536
251,501,Skipp,11,LEI,MID,27,0,0,0,3,1118
252,570,A.Fatawu,11,LEI,MID,26,0,2,3,0,576
253,605,Alves,11,LEI,MID,1,0,0,0,0,1
254,635,El Khannouss,11,LEI,MID,83,2,4,6,3,2179
255,694,Cartwright,11,LEI,MID,0,0,0,0,0,0
256,772,Monga,11,LEI,MID,7,0,0,0,0,105
257,777,Jake Evans,11,LEI,MID,4,0,0,0,0,21
258,783,Braybrooke,11,LEI,MID,0,0,0,0,0,0
259,198,Edouard,11,LEI,FWD,7,0,0,0,0,141
260,286,Cannon,11,LEI,FWD,0,0,0,0,0,0
261,289,Daka,11,LEI,FWD,34,1,0,2,1,717
262,306,Vardy,11,LEI,FWD,128,9,5,18,4,2825
263,288,Coady,11,LEI,DEF,39,1,0,3,2,1712
264,291,Faes,11,LEI,DEF,55,1,0,2,3,2812
265,295,Justin,11,LEI,DEF,70,2,2,6,3,2912
266,296,Kristiansen,11,LEI,DEF,34,0,1,0,1,2481
267,301,Okoli,11,LEI,DEF,27,1,0,1,1,1122
268,302,Ricardo,11,LEI,DEF,10,0,0,0,0,382
269,303,Souttar,11,LEI,DEF,0,0,0,0,0,0
270,305,Thomas,11,LEI,DEF,27,0,0,0,3,1109
271,307,Vestergaard,11,LEI,DEF,11,0,0,0,0,1390
272,616,Nelson,11,LEI,DEF,0,0,0,0,0,0
273,707,Wilson-Brown,11,LEI,DEF,0,0,0,0,0,0
274,726,Coulibaly,11,LEI,DEF,1,0,0,0,0,107
275,776,Olabade Aluko,11,LEI,DEF,1,0,0,0,0,1
276,293,Hermansen,11,LEI,GKP,63,0,0,1,1,2385
277,294,Iversen,11,LEI,GKP,0,0,0,0,0,0
278,304,Stolarczyk,11,LEI,GKP,25,0,0,0,2,900
279,308,Ward,11,LEI,GKP,2,0,0,0,0,135
280,121,Enciso,10,IPS,MID,59,2,3,5,2,1155
281,262,Broadhead,10,IPS,MID,37,2,0,1,2,690
282,264,Burns,10,IPS,MID,30,0,1,0,1,922
283,265,Chaplin,10,IPS,MID,41,1,2,0,1,845
284,271,Harness,10,IPS,MID,2,0,0,0,0,43
285,273,Humphreys,10,IPS,MID,0,0,0,0,0,0
286,274,Hutchinson,10,IPS,MID,88,3,3,6,3,2585
287,277,Luongo,10,IPS,MID,13,0,0,0,0,195
288,278,Morsy,10,IPS,MID,67,1,1,5,2,2749
289,281,Taylor,10,IPS,MID,38,1,0,1,0,837
290,359,Phillips,10,IPS,MID,27,0,0,0,1,1231
291,569,Jaden,10,IPS,MID,37,2,0,3,2,796
292,611,Szmodics,10,IPS,MID,54,4,0,2,2,988
293,619,Cajuste,10,IPS,MID,63,1,1,2,1,1960
294,631,J.Clarke,10,IPS,MID,53,0,4,0,1,1161
295,632,Ogbene,10,IPS,MID,7,0,0,0,0,237
296,780,Tom Taylor,10,IPS,MID,0,0,0,0,0,0
297,260,Al-Hamadi,10,IPS,FWD,8,0,0,0,0,125
298,268,Delap,10,IPS,FWD,132,12,2,22,3,2587
299,272,Hirst,10,IPS,FWD,46,3,1,3,0,645
300,276,Ladapo,10,IPS,FWD,0,0,0,0,0,0
301,261,Baggott,10,IPS,DEF,0,0,0,0,0,0
302,263,Burgess,10,IPS,DEF,26,0,2,0,0,1540
303,266,H.Clarke,10,IPS,DEF,1,0,0,0,0,377
304,267,Davis,10,IPS,DEF,52,1,2,5,2,2742
305,269,Edmundson,10,IPS,DEF,1,0,0,0,0,1
306,270,Greaves,10,IPS,DEF,37,1,0,0,2,2205
307,275,Johnson,10,IPS,DEF,30,1,2,2,0,1346
308,279,Ndaba,10,IPS,DEF,0,0,0,0,0,0
309,282,Tuanzebe,10,IPS,DEF,27,0,1,0,1,1710
310,284,Woolfenden,10,IPS,DEF,18,0,0,0,1,1187
311,583,Townsend,10,IPS,DEF,11,0,1,0,0,334
312,630,O'Shea,10,IPS,DEF,49,0,2,1,2,3122
313,715,Godfrey,10,IPS,DEF,-1,0,0,0,0,158
314,779,Boniface,10,IPS,DEF,0,0,0,0,0,0
315,280,Slicker,10,IPS,GKP,0,0,0,0,0,0
316,283,Walton,10,IPS,GKP,16,0,0,2,1,630
317,568,Muric,10,IPS,GKP,49,0,0,5,1,1620
318,744,Palmer,10,IPS,GKP,22,0,0,0,0,1170
319,150,Andrey Santos,6,CHE,MID,0,0,0,0,0,0
320,151,Ângelo,6,CHE,MID,0,0,0,0,0,0
321,157,Caicedo,6,CHE,MID,98,1,4,4,12,3351
322,158,Casadei,6,CHE,MID,0,0,0,0,0,0
323,161,Chukwuemeka,6,CHE,MID,0,0,0,0,0,0
324,166,Dewsbury-Hall,6,CHE,MID,18,0,1,1,0,257
325,168,Enzo,6,CHE,MID,135,6,8,11,10,2943
326,169,Gallagher,6,CHE,MID,0,0,0,0,0,0
327,173,Kellyman,6,CHE,MID,0,0,0,0,0,0
328,174,Lavia,6,CHE,MID,26,0,1,0,3,792
329,177,Madueke,6,CHE,MID,120,7,5,12,6,2028
330,179,Mudryk,6,CHE,MID,7,0,0,0,0,145
331,181,Nkunku,6,CHE,MID,60,3,2,5,2,904
332,182,Palmer,6,CHE,MID,214,15,10,35,10,3193
333,184,Renato Veiga,6,CHE,MID,7,0,0,0,1,176
334,386,Sancho,6,CHE,MID,86,3,5,3,7,1754
335,560,Neto,6,CHE,MID,104,4,6,9,8,2262
336,621,João Félix,6,CHE,MID,24,1,2,0,1,362
337,695,Rak-Sakyi,6,CHE,MID,0,0,0,0,0,0
338,696,George,6,CHE,MID,17,1,1,0,1,177
339,751,Amougou,6,CHE,MID,1,0,0,0,0,7
340,164,D.D.Fofana,6,CHE,FWD,0,0,0,0,0,0
341,165,Deivid,6,CHE,FWD,0,0,0,0,0,0
342,175,Lukaku,6,CHE,FWD,0,0,0,0,0,0
343,178,Marc Guiu,6,CHE,FWD,3,0,0,0,0,71
344,180,N.Jackson,6,CHE,FWD,121,10,6,17,11,2220
345,761,Mheuka,6,CHE,FWD,1,0,0,0,0,1
346,153,B.Badiashile,6,CHE,DEF,7,0,0,0,0,332
347,159,Chalobah,6,CHE,DEF,93,3,1,11,6,1969
348,162,Colwill,6,CHE,DEF,109,2,1,6,10,3150
349,163,Cucurella,6,CHE,DEF,133,5,2,14,9,2988
350,170,Gilchrist,6,CHE,DEF,0,0,0,0,0,0
351,171,Gusto,6,CHE,DEF,60,0,1,2,4,1853
352,172,James,6,CHE,DEF,54,1,2,5,3,1057
353,176,M.Sarr,6,CHE,DEF,0,0,0,0,0,0
354,187,Tosin,6,CHE,DEF,71,1,1,7,7,1403
355,189,W.Fofana,6,CHE,DEF,26,0,0,2,2,1172
356,575,Wiley,6,CHE,DEF,0,0,0,0,0,0
357,697,Acheampong,6,CHE,DEF,4,0,0,0,0,168
358,754,Anselmino,6,CHE,DEF,0,0,0,0,0,0
359,762,Samuels-Smith,6,CHE,DEF,0,0,0,0,0,0
360,767,Genesis Antwi,6,CHE,DEF,0,0,0,0,0,0
361,154,Bergström,6,CHE,GKP,0,0,0,0,0,0
362,155,Bettinelli,6,CHE,GKP,0,0,0,0,0,0
363,183,Petrović,6,CHE,GKP,0,0,0,0,0,0
364,185,Sánchez,6,CHE,GKP,126,0,0,11,10,2880
365,581,Jørgensen,6,CHE,GKP,18,0,0,0,1,540
366,188,Ugochukwu,17,SOU,MID,47,1,1,3,1,1652
367,397,Fraser,17,SOU,MID,7,0,0,0,0,303
368,451,Amo-Ameyaw,17,SOU,MID,1,0,0,0,0,26
369,452,Aribo,17,SOU,MID,72,3,0,7,1,2007
370,458,Charles,17,SOU,MID,0,0,0,0,0,0
371,459,Edozie,17,SOU,MID,1,0,0,0,0,64
372,462,Kamaldeen,17,SOU,MID,53,1,2,2,3,1394
373,463,Lallana,17,SOU,MID,17,0,2,1,0,352
374,471,Smallbone,17,SOU,MID,26,1,0,0,0,679
375,515,Cornet,17,SOU,MID,1,0,0,0,0,71
376,518,Downes,17,SOU,MID,48,1,0,0,4,2149
377,584,Brereton Díaz,17,SOU,MID,13,0,0,0,0,446
378,608,Dibling,17,SOU,MID,68,2,2,4,3,1863
379,623,M.Fernandes,17,SOU,MID,95,2,4,8,5,2911
380,693,O'Brien-Whitmarsh,17,SOU,MID,0,0,0,0,0,0
381,734,Grønbæk,17,SOU,MID,6,0,0,0,0,141
382,27,Archer,17,SOU,FWD,57,2,0,4,2,1421
383,453,Armstrong,17,SOU,FWD,45,2,3,2,2,1246
384,468,Mara,17,SOU,FWD,0,0,0,0,0,0
385,470,Onuachu,17,SOU,FWD,51,4,1,4,1,1038
386,473,Stewart,17,SOU,FWD,20,1,0,3,1,382
387,778,Jay Robinson,17,SOU,FWD,5,0,0,0,0,134
388,455,Bednarek,17,SOU,DEF,60,2,0,3,3,2531
389,456,Bella-Kotchap,17,SOU,DEF,2,0,0,0,0,329
390,457,Bree,17,SOU,DEF,23,0,1,0,1,1070
391,460,Edwards,17,SOU,DEF,1,0,0,0,0,12
392,461,Harwood-Bellis,17,SOU,DEF,55,1,0,2,3,2824
393,464,Larios,17,SOU,DEF,0,0,0,0,0,0
394,467,Manning,17,SOU,DEF,34,0,2,0,1,1458
395,472,Stephens,17,SOU,DEF,31,1,0,2,2,1389
396,474,Sugawara,17,SOU,DEF,43,1,1,0,2,1548
397,475,Taylor,17,SOU,DEF,6,0,0,0,0,353
398,476,Walker-Peters,17,SOU,DEF,54,0,3,3,2,2918
399,477,Wood,17,SOU,DEF,14,0,0,2,1,771
400,716,Welington,17,SOU,DEF,14,0,0,0,1,478
401,719,Kayi Sanda,17,SOU,DEF,2,0,0,0,0,12
402,784,Moore,17,SOU,DEF,0,0,0,0,0,0
403,14,Ramsdale,17,SOU,GKP,97,0,0,11,3,2700
404,454,Bazunu,17,SOU,GKP,0,0,0,0,0,0
405,465,Lis,17,SOU,GKP,0,0,0,0,0,0
406,466,Lumley,17,SOU,GKP,8,0,0,0,0,270
407,469,McCarthy,17,SOU,GKP,12,0,0,0,0,450
408,190,Ahamada,7,CRY,MID,0,0,0,0,0,0
409,193,C.Doucouré,7,CRY,MID,19,0,1,0,1,443
410,197,Ebiowei,7,CRY,MID,0,0,0,0,0,0
411,199,Eze,7,CRY,MID,148,8,8,15,10,2588
412,203,Hughes,7,CRY,MID,67,0,4,3,10,2100
413,205,Kamada,7,CRY,MID,45,0,0,0,3,1545
414,206,Lerma,7,CRY,MID,58,0,1,2,6,2270
415,208,M.França,7,CRY,MID,9,1,0,0,0,52
416,212,Ozoh,7,CRY,MID,0,0,0,0,0,0
417,213,Rak-Sakyi,7,CRY,MID,0,0,0,0,0,0
418,214,Schlupp,7,CRY,MID,12,0,0,0,0,95
419,216,Wharton,7,CRY,MID,42,0,2,0,4,1314
420,585,I.Sarr,7,CRY,MID,149,8,7,14,10,2708
421,644,Umeh-Chibueze,7,CRY,MID,0,0,0,0,0,0
422,645,Devenny,7,CRY,MID,34,1,1,1,0,494
423,646,Agbinone,7,CRY,MID,2,0,0,0,0,4
424,647,Rodney,7,CRY,MID,0,0,0,0,0,0
425,730,Esse,7,CRY,MID,22,1,2,3,0,138
426,11,Nketiah,7,CRY,FWD,53,3,2,4,2,1018
427,207,Mateta,7,CRY,FWD,150,14,2,27,9,2642
428,675,Marsh,7,CRY,FWD,0,0,0,0,0,0
429,160,Chilwell,7,CRY,DEF,13,1,0,0,0,254
430,194,C.Richards,7,CRY,DEF,68,1,1,2,7,1921
431,195,Chadi Riad,7,CRY,DEF,1,0,0,0,0,90
432,196,Clyne,7,CRY,DEF,18,0,0,0,1,477
433,200,Guéhi,7,CRY,DEF,116,3,2,11,11,3059
434,202,Holding,7,CRY,DEF,0,0,0,0,0,0
435,210,Mitchell,7,CRY,DEF,123,0,6,4,12,3090
436,211,Muñoz,7,CRY,DEF,142,4,6,9,11,3229
437,215,Ward,7,CRY,DEF,1,0,0,0,0,71
438,650,Lacroix,7,CRY,DEF,114,1,2,9,11,3116
439,666,Kporha,7,CRY,DEF,2,0,0,0,0,11
440,201,Henderson,7,CRY,GKP,135,0,0,8,11,3420
441,209,Matthews,7,CRY,GKP,0,0,0,0,0,0
442,445,Turner,7,CRY,GKP,0,0,0,0,0,0
443,217,A.Doucoure,8,EVE,MID,94,3,2,5,11,2563
444,222,Gana,8,EVE,MID,89,0,3,5,12,3063
445,223,Garner,8,EVE,MID,42,0,1,0,5,1590
446,224,Harrison,8,EVE,MID,81,1,3,4,7,2068
447,226,Iroegbunam,8,EVE,MID,22,0,1,0,0,562
448,230,McNeil,8,EVE,MID,93,4,8,9,5,1366
449,450,Alcaraz,8,EVE,MID,44,2,3,5,1,766
450,577,Lindstrøm,8,EVE,MID,44,0,1,0,6,1229
451,602,Armstrong,8,EVE,MID,2,0,0,0,0,47
452,615,Metcalfe,8,EVE,MID,0,0,0,0,0,0
453,651,Mangala,8,EVE,MID,39,1,0,0,5,1257
454,676,Bates,8,EVE,MID,0,0,0,0,0,0
455,753,Heath,8,EVE,MID,0,0,0,0,0,0
456,755,Coby Ebere,8,EVE,MID,0,0,0,0,0,0
457,156,Broja,8,EVE,FWD,12,0,0,0,2,327
458,218,Beto,8,EVE,FWD,87,8,0,11,4,1521
459,220,Calvert-Lewin,8,EVE,FWD,63,3,2,3,8,1602
460,229,Maupay,8,EVE,FWD,0,0,0,0,0,0
461,232,Ndiaye,8,EVE,FWD,114,9,0,21,15,2426
462,237,Y. Chermiti,8,EVE,FWD,3,0,0,0,0,42
463,724,Sherif,8,EVE,FWD,0,0,0,0,0,0
464,219,Branthwaite,8,EVE,DEF,88,0,1,3,9,2509
465,221,Coleman,8,EVE,DEF,5,0,0,0,0,214
466,225,Holgate,8,EVE,DEF,1,0,0,0,0,5
467,228,Keane,8,EVE,DEF,48,3,0,4,3,1046
468,231,Mykolenko,8,EVE,DEF,121,1,3,9,11,3082
469,234,Patterson,8,EVE,DEF,14,0,1,0,0,342
470,236,Tarkowski,8,EVE,DEF,105,1,1,8,10,2922
471,238,Young,8,EVE,DEF,98,1,4,9,9,1864
472,582,O'Brien,8,EVE,DEF,65,2,0,5,5,1568
473,626,Dixon,8,EVE,DEF,0,0,0,0,0,90
474,782,Welch,8,EVE,DEF,0,0,0,0,0,0
475,227,J.Virginia,8,EVE,GKP,0,0,0,0,0,0
476,235,Pickford,8,EVE,GKP,158,0,1,15,12,3420
477,624,Begovic,8,EVE,GKP,0,0,0,0,0,0
478,312,Bajcetic,12,LIV,MID,0,0,0,0,0,0
479,315,Clark,12,LIV,MID,0,0,0,0,0,0
480,317,Diogo J.,12,LIV,MID,87,6,4,4,7,1182
481,318,Doak,12,LIV,MID,0,0,0,0,0,0
482,319,Elliott,12,LIV,MID,33,1,2,3,0,359
483,320,Endo,12,LIV,MID,21,0,0,0,0,259
484,323,Gravenberch,12,LIV,MID,92,0,4,1,14,3160
485,324,Jones,12,LIV,MID,87,3,5,4,6,1702
486,327,Luis Díaz,12,LIV,MID,183,13,7,21,15,2393
487,328,M.Salah,12,LIV,MID,344,29,18,55,15,3374
488,329,Mac Allister,12,LIV,MID,122,5,6,8,14,2597
489,330,McConnell,12,LIV,MID,0,0,0,0,0,0
490,331,Morton,12,LIV,MID,0,0,0,0,0,0
491,336,Szoboszlai,12,LIV,MID,143,6,10,14,12,2485
492,636,Chiesa,12,LIV,MID,7,0,0,0,0,103
493,689,Nyoni,12,LIV,MID,0,0,0,0,0,0
494,316,Darwin,12,LIV,FWD,66,5,3,6,2,1113
495,321,Gakpo,12,LIV,FWD,127,10,5,22,5,1921
496,708,Danns,12,LIV,FWD,1,0,0,0,0,10
497,311,Alexander-Arnold,12,LIV,DEF,148,3,7,13,12,2362
498,313,Bradley,12,LIV,DEF,41,0,2,3,3,744
499,322,Gomez,12,LIV,DEF,14,0,0,0,1,517
500,326,Konaté,12,LIV,DEF,106,1,2,4,11,2561
501,332,N.Phillips,12,LIV,DEF,0,0,0,0,0,0
502,333,Quansah,12,LIV,DEF,9,0,0,0,0,488
503,334,R.Williams,12,LIV,DEF,0,0,0,0,0,0
504,335,Robertson,12,LIV,DEF,91,0,1,4,10,2479
505,337,Tsimikas,12,LIV,DEF,43,0,1,3,4,829
506,339,Virgil,12,LIV,DEF,143,3,1,8,14,3330
507,691,Nallo,12,LIV,DEF,0,0,0,0,0,0
508,310,A.Becker,12,LIV,GKP,112,0,0,9,10,2508
509,325,Kelleher,12,LIV,GKP,45,0,0,1,4,900
510,661,Jaros,12,LIV,GKP,1,0,0,0,0,11
511,669,Davies,12,LIV,GKP,0,0,0,0,0,0
512,342,Bernardo,13,MCI,MID,110,4,4,13,10,2667
513,343,Bobb,13,MCI,MID,3,0,0,0,0,14
514,345,De Bruyne,13,MCI,MID,114,4,9,12,10,1694
515,346,Doku,13,MCI,MID,88,3,6,3,8,1506
516,348,Foden,13,MCI,MID,105,7,3,10,6,1771
517,349,Grealish,13,MCI,MID,38,1,1,4,2,710
518,354,Kovačić,13,MCI,MID,109,6,3,13,10,2194
519,356,Matheus N.,13,MCI,MID,81,1,7,6,9,1670
520,357,McAtee,13,MCI,MID,31,3,0,0,0,340
521,360,Rodrigo,13,MCI,MID,3,0,0,0,0,72
522,571,Savinho,13,MCI,MID,106,1,11,15,8,1760
523,606,O’Reilly,13,MCI,MID,31,2,0,4,3,525
524,625,Gündogan,13,MCI,MID,97,1,7,5,10,2218
525,671,Wright,13,MCI,MID,0,0,0,0,0,0
526,745,N.Gonzalez,13,MCI,MID,31,1,1,0,6,760
527,765,Echeverri,13,MCI,MID,1,0,0,0,0,5
528,351,Haaland,13,MCI,FWD,181,22,3,26,10,2736
529,352,J.Alvarez,13,MCI,FWD,0,0,0,0,0,0
530,698,Mubama,13,MCI,FWD,1,0,0,0,0,27
531,735,Marmoush,13,MCI,FWD,73,7,1,12,8,1174
532,340,Akanji,13,MCI,DEF,61,0,0,1,6,2012
533,341,Aké,13,MCI,DEF,25,0,0,0,3,677
534,350,Gvardiol,13,MCI,DEF,153,5,0,15,13,3278
535,353,João Cancelo,13,MCI,DEF,0,0,0,0,0,0
536,355,Lewis,13,MCI,DEF,66,1,2,1,5,1888
537,361,Rúben,13,MCI,DEF,90,0,0,7,11,2269
538,362,Stones,13,MCI,DEF,29,2,0,2,1,544
539,363,Walker,13,MCI,DEF,13,0,0,0,0,966
540,627,Kaboré,13,MCI,DEF,0,0,0,0,0,0
541,672,Simpson-Pusey,13,MCI,DEF,1,0,0,0,0,95
542,677,Wilson-Esbrand,13,MCI,DEF,0,0,0,0,0,0
543,703,Alleyne,13,MCI,DEF,0,0,0,0,0,0
544,732,Khusanov,13,MCI,DEF,14,0,0,0,2,503
545,733,Vitor Reis,13,MCI,DEF,1,0,0,0,0,1
546,344,Carson,13,MCI,GKP,0,0,0,0,0,0
547,347,Ederson M.,13,MCI,GKP,111,0,4,9,10,2320
548,358,Ortega Moreno,13,MCI,GKP,35,0,0,0,3,1099
549,704,Brits,13,MCI,GKP,0,0,0,0,0,0
550,364,Amad,14,MUN,MID,129,8,8,17,7,1898
551,365,Antony,14,MUN,MID,8,0,0,0,0,135
552,366,B.Fernandes,14,MUN,MID,174,8,12,28,10,3017
553,368,Casemiro,14,MUN,MID,48,1,0,3,6,1489
554,370,Eriksen,14,MUN,MID,45,1,2,0,4,1052
555,372,Garnacho,14,MUN,MID,106,6,4,7,5,2188
556,373,Hannibal,14,MUN,MID,0,0,0,0,0,0
557,378,Mainoo,14,MUN,MID,42,0,0,0,5,1646
558,381,McTominay,14,MUN,MID,2,0,0,0,0,17
559,382,Mount,14,MUN,MID,25,1,0,0,3,613
560,384,Pellistri,14,MUN,MID,0,0,0,0,0,0
561,613,Collyer,14,MUN,MID,6,0,0,0,0,174
562,652,Ugarte,14,MUN,MID,49,1,2,1,4,1777
563,667,Fletcher,14,MUN,MID,0,0,0,0,0,0
564,673,Fitzgerald,14,MUN,MID,0,0,0,0,0,0
565,758,Moorhouse,14,MUN,MID,0,0,0,0,0,0
566,759,Koné,14,MUN,MID,0,0,0,0,0,0
567,375,Højlund,14,MUN,FWD,78,4,1,8,6,1998
568,389,Zirkzee,14,MUN,FWD,64,3,2,6,3,1385
569,648,Wheatley,14,MUN,FWD,0,0,0,0,0,0
570,756,Obi,14,MUN,FWD,7,0,0,0,0,160
571,369,Dalot,14,MUN,DEF,95,0,4,9,8,2812
572,371,Evans,14,MUN,DEF,15,0,0,3,1,312
573,376,Lindelof,14,MUN,DEF,27,0,0,0,2,695
574,377,Maguire,14,MUN,DEF,48,1,0,3,3,1751
575,379,Malacia,14,MUN,DEF,2,0,0,0,0,99
576,380,Martinez,14,MUN,DEF,68,2,1,5,6,1751
577,387,Shaw,14,MUN,DEF,5,0,0,0,0,346
578,572,Yoro,14,MUN,DEF,22,0,0,0,1,1160
579,593,De Ligt,14,MUN,DEF,68,2,0,3,4,2119
580,594,Mazraoui,14,MUN,DEF,88,0,1,5,7,2836
581,658,Heaven,14,MUN,DEF,10,0,0,2,1,169
582,670,Amass,14,MUN,DEF,4,0,0,0,0,345
583,692,Kukonki,14,MUN,DEF,0,0,0,0,0,0
584,746,Dorgu,14,MUN,DEF,18,0,0,1,2,840
585,757,Fredricson,14,MUN,DEF,2,0,0,0,0,166
586,367,Bayindir,14,MUN,GKP,8,0,0,0,1,360
587,374,Heaton,14,MUN,GKP,0,0,0,0,0,0
588,383,Onana,14,MUN,GKP,120,0,0,8,9,3060
589,740,Harrison,14,MUN,GKP,0,0,0,0,0,0
590,763,Graczyk,14,MUN,GKP,0,0,0,0,0,0
591,768,Dermot Mee,14,MUN,GKP,0,0,0,0,0,0
592,391,Almirón,15,NEW,MID,10,0,0,0,0,150
593,392,Barnes,15,NEW,MID,130,9,5,13,6,1746
594,394,Bruno G.,15,NEW,MID,135,5,6,10,13,3273
595,398,Gordon,15,NEW,MID,124,6,6,9,10,2428
596,400,Hayden,15,NEW,MID,0,0,0,0,0,0
597,402,J.Murphy,15,NEW,MID,159,8,13,11,11,2356
598,403,Joelinton,15,NEW,MID,99,4,4,11,10,2394
599,406,Kuol,15,NEW,MID,0,0,0,0,0,0
600,410,Longstaff,15,NEW,MID,34,0,1,0,2,783
601,411,Miley,15,NEW,MID,21,1,0,1,0,304
602,417,Tonali,15,NEW,MID,106,4,2,10,11,2625
603,419,White,15,NEW,MID,0,0,0,0,0,0
604,420,Willock,15,NEW,MID,46,0,2,0,4,1065
605,401,Isak,15,NEW,FWD,211,23,6,36,12,2758
606,421,Wilson,15,NEW,FWD,19,0,0,0,0,355
607,590,Osula,15,NEW,FWD,19,1,0,1,0,124
608,769,Neave,15,NEW,FWD,0,0,0,0,0,0
609,390,A.Murphy,15,NEW,DEF,0,0,0,0,0,0
610,393,Botman,15,NEW,DEF,18,0,0,0,2,412
611,395,Burn,15,NEW,DEF,115,1,1,9,13,3330
612,399,Hall,15,NEW,DEF,102,0,7,11,8,2188
613,404,Kelly,15,NEW,DEF,12,0,1,0,0,299
614,405,Krafth,15,NEW,DEF,17,0,0,0,1,334
615,407,Lascelles,15,NEW,DEF,0,0,0,0,0,0
616,408,Lewis,15,NEW,DEF,0,0,0,0,0,0
617,409,Livramento,15,NEW,DEF,105,0,1,6,10,2835
618,415,Schär,15,NEW,DEF,118,4,2,4,11,2935
619,416,Targett,15,NEW,DEF,2,0,0,0,0,20
620,418,Trippier,15,NEW,DEF,72,0,3,8,6,1299
621,573,Pivas,15,NEW,DEF,0,0,0,0,0,0
622,396,Dúbravka,15,NEW,GKP,44,0,0,2,5,900
623,412,Odysseas,15,NEW,GKP,0,0,0,0,0,0
624,413,Pope,15,NEW,GKP,102,0,0,2,8,2520
625,414,Ruddy,15,NEW,GKP,0,0,0,0,0,0
626,423,Anderson,16,NFO,MID,107,2,6,8,13,2726
627,426,Bowler,16,NFO,MID,0,0,0,0,0,0
628,428,Da Silva Moreira,16,NFO,MID,2,0,0,0,0,28
629,429,Danilo,16,NFO,MID,11,0,0,0,1,270
630,431,Dominguez,16,NFO,MID,54,0,1,0,7,1954
631,432,Elanga,16,NFO,MID,153,6,11,15,12,2496
632,433,Gibbs-White,16,NFO,MID,154,7,11,18,13,2806
633,434,Hudson-Odoi,16,NFO,MID,103,5,3,7,11,2190
634,435,Mighten,16,NFO,MID,0,0,0,0,0,0
635,439,O'Brien,16,NFO,MID,0,0,0,0,0,0
636,442,Sangaré,16,NFO,MID,20,0,1,0,2,584
637,449,Yates,16,NFO,MID,67,2,2,3,6,1901
638,607,Jota Silva,16,NFO,MID,52,3,2,0,1,835
639,620,Sosa,16,NFO,MID,25,1,0,0,1,280
640,424,Awoniyi,16,NFO,FWD,32,1,0,0,1,398
641,430,Dennis,16,NFO,FWD,0,0,0,0,0,0
642,446,Ui-jo,16,NFO,FWD,0,0,0,0,0,0
643,447,Wood,16,NFO,FWD,200,20,3,41,15,2958
644,26,Alex Moreno,16,NFO,DEF,34,0,1,1,3,952
645,422,Aina,16,NFO,DEF,128,2,1,15,12,2996
646,425,Boly,16,NFO,DEF,6,0,0,0,0,146
647,436,Murillo,16,NFO,DEF,130,2,0,18,12,3188
648,437,N.Williams,16,NFO,DEF,109,1,3,8,10,2588
649,438,O.Richards,16,NFO,DEF,0,0,0,0,0,0
650,440,Omobamidele,16,NFO,DEF,0,0,0,0,0,0
651,441,Panzo,16,NFO,DEF,0,0,0,0,0,0
652,444,Toffolo,16,NFO,DEF,4,0,0,0,0,135
653,448,Worrall,16,NFO,DEF,0,0,0,0,0,0
654,574,Milenković,16,NFO,DEF,145,5,2,2,13,3330
655,653,Morato,16,NFO,DEF,36,0,0,2,3,891
656,709,Abbott,16,NFO,DEF,0,0,0,0,0,0
657,427,C.Miguel,16,NFO,GKP,0,0,0,0,0,0
658,443,Sels,16,NFO,GKP,150,0,1,11,13,3420
659,721,Hennessey,16,NFO,GKP,0,0,0,0,0,0
660,480,Bentancur,18,TOT,MID,49,2,0,1,3,1640
661,481,Bergvall,18,TOT,MID,44,0,2,0,3,1200
662,482,Bissouma,18,TOT,MID,50,2,0,4,3,1396
663,483,Bryan,18,TOT,MID,0,0,0,0,0,0
664,485,Devine,18,TOT,MID,0,0,0,0,0,0
665,489,Gray,18,TOT,MID,45,0,0,0,2,1750
666,490,Højbjerg,18,TOT,MID,0,0,0,0,0,0
667,491,Johnson,18,TOT,MID,137,11,6,13,2,2171
668,492,Kulusevski,18,TOT,MID,117,7,4,9,6,2386
669,493,Lo Celso,18,TOT,MID,0,0,0,0,0,0
670,494,Maddison,18,TOT,MID,133,9,8,15,6,1799
671,499,P.M.Sarr,18,TOT,MID,71,3,2,4,2,1901
672,502,Solomon,18,TOT,MID,0,0,0,0,0,0
673,503,Son,18,TOT,MID,129,7,10,12,4,2106
674,509,Werner,18,TOT,MID,34,0,3,2,1,504
675,610,Moore,18,TOT,MID,19,0,2,0,0,359
676,612,Odobert,18,TOT,MID,34,1,0,3,1,843
677,682,Olusesi,18,TOT,MID,0,0,0,0,0,0
678,690,Williams-Barnett,18,TOT,MID,0,0,0,0,0,0
679,718,Yang,18,TOT,MID,0,0,0,0,0,0
680,729,Ajayi,18,TOT,MID,0,0,0,0,0,0
681,748,Tel,18,TOT,MID,42,2,2,2,2,908
682,82,Solanke,18,TOT,FWD,108,9,5,7,4,2199
683,497,Richarlison,18,TOT,FWD,35,4,1,0,1,497
684,500,Scarlett,18,TOT,FWD,6,0,1,0,0,31
685,507,Veliz,18,TOT,FWD,0,0,0,0,0,0
686,609,Lankshear,18,TOT,FWD,3,0,0,0,0,10
687,478,A.Phillips,18,TOT,DEF,0,0,0,0,0,0
688,484,Davies,18,TOT,DEF,28,0,0,0,3,1329
689,486,Dragusin,18,TOT,DEF,24,0,0,0,2,1250
690,487,E.Royal,18,TOT,DEF,0,0,0,0,0,0
691,495,Pedro Porro,18,TOT,DEF,98,2,6,6,6,2606
692,496,Reguilón,18,TOT,DEF,2,0,0,0,0,194
693,498,Romero,18,TOT,DEF,49,1,1,3,3,1416
694,504,Spence,18,TOT,DEF,51,1,2,6,3,1790
695,505,Udogie,18,TOT,DEF,43,0,1,0,2,1923
696,506,Van de Ven,18,TOT,DEF,32,0,2,2,2,1014
697,683,Hardy,18,TOT,DEF,0,0,0,0,0,0
698,699,Dorrington,18,TOT,DEF,1,0,0,0,0,13
699,700,King,18,TOT,DEF,0,0,0,0,0,0
700,741,Cassanova,18,TOT,DEF,0,0,0,0,0,0
701,747,Danso,18,TOT,DEF,16,0,0,0,1,842
702,479,Austin,18,TOT,GKP,1,0,0,0,0,90
703,488,Forster,18,TOT,GKP,19,0,0,0,1,630
704,508,Vicario,18,TOT,GKP,66,0,0,2,4,2160
705,510,Whiteman,18,TOT,GKP,0,0,0,0,0,0
706,717,Kinsky,18,TOT,GKP,17,0,0,0,1,540
707,511,Álvarez,19,WHU,MID,40,0,1,0,3,1769
708,514,Bowen,19,WHU,MID,193,13,11,21,8,2974
709,519,Earthy,19,WHU,MID,0,0,0,0,0,0
710,525,Kudus,19,WHU,MID,106,5,4,5,7,2589
711,526,L.Guilherme,19,WHU,MID,12,0,0,0,0,139
712,527,L.Paquetá,19,WHU,MID,80,4,1,5,4,2374
713,530,Souček,19,WHU,MID,126,9,2,15,7,2563
714,531,Ward-Prowse,19,WHU,MID,51,1,2,2,5,1433
715,576,Irving,19,WHU,MID,9,0,0,0,0,161
716,587,Summerville,19,WHU,MID,33,1,1,2,2,776
717,588,G.Rodríguez,19,WHU,MID,36,0,1,0,4,1147
718,654,C.Soler,19,WHU,MID,47,1,1,2,2,1394
719,701,Orford,19,WHU,MID,2,0,0,0,0,47
720,123,Ferguson,19,WHU,FWD,27,1,0,2,1,368
721,512,Antonio,19,WHU,FWD,42,1,4,3,4,834
722,523,Ings,19,WHU,FWD,32,1,3,4,0,270
723,589,Füllkrug,19,WHU,FWD,42,3,2,3,2,783
724,388,Wan-Bissaka,19,WHU,DEF,118,2,6,15,6,3154
725,516,Coufal,19,WHU,DEF,27,0,0,1,2,1056
726,517,Cresswell,19,WHU,DEF,36,0,0,3,3,818
727,520,Emerson,19,WHU,DEF,76,2,1,4,5,2108
728,524,Kilman,19,WHU,DEF,82,0,1,5,6,3348
729,528,Mavropanos,19,WHU,DEF,45,0,0,4,2,2035
730,529,N.Aguerd,19,WHU,DEF,0,0,0,0,0,0
731,532,Zouma,19,WHU,DEF,0,0,0,0,0,0
732,591,Todibo,19,WHU,DEF,54,0,0,1,5,1824
733,642,Casey,19,WHU,DEF,1,0,0,0,0,1
734,678,Scarles,19,WHU,DEF,29,0,0,2,2,659
735,687,Mayers,19,WHU,DEF,0,0,0,0,0,0
736,513,Areola,19,WHU,GKP,69,0,0,1,4,2259
737,521,Fabianski,19,WHU,GKP,39,0,0,2,2,1160
738,522,Foderingham,19,WHU,GKP,0,0,0,0,0,0
739,534,B.Traore,20,WOL,MID,1,0,0,0,0,1
740,535,Bellegarde,20,WOL,MID,90,2,7,5,6,1666
741,537,Chiquinho,20,WOL,MID,1,0,0,0,0,6
742,538,Chirewa,20,WOL,MID,0,0,0,0,0,0
743,540,Cundle,20,WOL,MID,0,0,0,0,0,0
744,544,Doyle,20,WOL,MID,28,0,1,0,0,474
745,547,Gonzalez,20,WOL,MID,0,0,0,0,0,0
746,548,Guedes,20,WOL,MID,62,2,4,2,3,979
747,550,Hee Chan,20,WOL,MID,37,2,1,0,0,646
748,551,Hodge,20,WOL,MID,0,0,0,0,0,0
749,553,J.Gomes,20,WOL,MID,87,3,1,7,6,2975
750,557,Mario Jr.,20,WOL,MID,47,1,3,5,1,1363
751,562,Podence,20,WOL,MID,2,0,0,0,0,46
752,563,R.Gomes,20,WOL,MID,42,2,0,0,1,794
753,565,Sarabia,20,WOL,MID,50,3,2,3,1,800
754,643,André,20,WOL,MID,61,0,0,1,7,2472
755,655,Forbs,20,WOL,MID,9,0,0,0,0,236
756,684,Edozie,20,WOL,MID,0,0,0,0,0,0
757,750,Munetsi,20,WOL,MID,50,2,2,4,5,1077
758,539,Chiwome,20,WOL,FWD,0,0,0,0,0,0
759,541,Cunha,20,WOL,FWD,178,15,7,41,7,2596
760,545,Fábio Silva,20,WOL,FWD,0,0,0,0,0,0
761,546,Fraser,20,WOL,FWD,0,0,0,0,0,0
762,555,Kalajdžić,20,WOL,FWD,0,0,0,0,0,0
763,566,Strand Larsen,20,WOL,FWD,145,14,4,17,7,2587
764,764,Mané,20,WOL,FWD,1,0,0,0,0,1
765,533,Aït-Nouri,20,WOL,DEF,125,4,7,13,7,3112
766,542,Dawson,20,WOL,DEF,17,0,1,1,1,969
767,543,Doherty,20,WOL,DEF,75,2,1,4,6,2105
768,549,H.Bueno,20,WOL,DEF,0,0,0,0,0,0
769,552,Hoever,20,WOL,DEF,0,0,0,0,0,0
770,558,Mosquera,20,WOL,DEF,3,0,0,0,0,441
771,559,N.Semedo,20,WOL,DEF,84,0,4,0,8,2889
772,561,Pedro Lima,20,WOL,DEF,2,0,0,0,0,69
773,564,S.Bueno,20,WOL,DEF,52,0,0,2,5,1678
774,567,Toti,20,WOL,DEF,79,0,1,8,8,2613
775,637,Meupiyou,20,WOL,DEF,0,0,0,0,0,0
776,664,Pond,20,WOL,DEF,1,0,0,0,0,1
777,711,Okoduwa,20,WOL,DEF,0,0,0,0,0,0
778,720,Agbadou,20,WOL,DEF,45,1,0,1,4,1410
779,749,Djiga,20,WOL,DEF,4,0,0,0,0,65
780,204,Johnstone,20,WOL,GKP,12,0,0,0,0,630
781,536,Bentley,20,WOL,GKP,9,0,0,1,1,180
782,554,José Sá,20,WOL,GKP,93,0,0,4,7,2610
783,556,King,20,WOL,GKP,1,0,0,0,0,1
